movie_download_url,title
,
magnet:?xt=urn:btih:K5QGWFF6PGS7LFF2XNMOSZRSSVU5ICSN&tr=http://bt.dl1234.com/announce,2018å¹´ç¾å›?.2åˆ†åŠ¨ä½œç‰‡ã€Šå¤ä»‡è€…è”ç›?ï¼šæ— é™æˆ˜äº‰ã€‹BDä¸­è‹±åŒå­—
,
magnet:?xt=urn:btih:XT6BJHDJCQA6CHM2S3HRK7MRJ7CCPU6Z&tr=http://bt.dl1234.com/announce,2017å¹´é¦™æ¸¯å–œå‰§ç‰‡ã€Šæˆ‘çš„å¤–æ˜Ÿå¥³å‹ã€‹HDé«˜æ¸…å›½ç²¤åŒè¯­ä¸­å­—
,
magnet:?xt=urn:btih:6VXMMHAB6HSAJIA7ST44WDAWWZAC5DFV&tr=http://bt.dl1234.com/announce,2018å¹´ç¾å›½åŠ¨ä½œç‰‡ã€Šæ•‘ä¸–è¶…èƒ½ï¼šæ°¸æ— æ­¢å¢ƒã€‹BDä¸­è‹±åŒå­—
,
magnet:?xt=urn:btih:GJKJBJRM2B67NTVGNJFEH3RAC3ATPOSN&tr=http://bt.dl1234.com/announce,2017å¹´æ¬§ç¾?.7åˆ†å‰§æƒ…ç‰‡ã€Šæœ¨æ˜Ÿä¹‹å«ã€‹BDä¸­å­—
,
magnet:?xt=urn:btih:HZNVZG6HUDAJ5JQF32XHRUOMW37LQZ5G&tr=http://bt.dl1234.com/announce,2018å¹´ç¾å›½ç§‘å¹»ç‰‡ã€Šåæ°?51ã€‹BDä¸­è‹±åŒå­—
,
magnet:?xt=urn:btih:NT7PHJZ6SQ62JKEBFINRL4IYKJU6LC7B&tr=http://bt.dl1234.com/announce,2017å¹´æ¬§ç¾åŠ¨ä½œç‰‡ã€Šè¡€æˆ˜æœºæ¢°äººã€‹BDä¸­è‹±åŒå­—
,
magnet:?xt=urn:btih:VEXUFGG7QCVBFDHOPTXQZ5STNDRE3MOE&tr=http://bt.dl1234.com/announce,2018å¹´æ¬§ç¾åŠ¨ä½œç‰‡ã€Šç‚®ç«å°†è‡³ã€‹BDä¸­è‹±åŒå­—
,
magnet:?xt=urn:btih:4P3BMSH524APQGEZGLFASPK7YZJIVCZX&tr=http://bt.dl1234.com/announce,2018å¹´æ¬§ç¾?.9åˆ†ç§‘å¹»ç‰‡ã€Šæ¹®ç­ã€‹BDå›½è‹±åŒè¯­ä¸­è‹±åŒå­—
,
magnet:?xt=urn:btih:VFJI3ZDGR7QOFFIOX6FMTEBF62AOR4VX&tr=http://bt.dl1234.com/announce,2018å¹´ç¾å›?.7åˆ†åŠ¨ä½œç‰‡ã€Šé»‘è±¹ã€‹BDå›½è‹±åŒè¯­ä¸­è‹±åŒå­—
,
magnet:?xt=urn:btih:CYI3JLURFGWEFER7EZGKMENCPQGQQRUV&tr=http://bt.dl1234.com/announce,2018å¹´ç¾å›½ç§‘å¹»ç‰‡ã€Šæ—¶é—´çš„çš±æŠ˜ã€‹BDä¸­è‹±åŒå­—
,
magnet:?xt=urn:btih:ZMBL2VVAWNNXA2JMHEND55FCHLXCGMUD&tr=http://bt.dl1234.com/announce,2018å¹´æ¬§ç¾?.2åˆ†ç§‘å¹»ç‰‡ã€ŠåŒ¿åè€…ã€‹BDä¸­å­—
,
magnet:?xt=urn:btih:77NKXMGAQBTUH46F5PSXFV2ZBP4IZRI4&tr=http://bt.dl1234.com/announce,2018å¹´ç¾å›½ç§‘å¹»ç‰‡ã€Šæœªæ¥ä¸–ç•Œã€‹BDä¸­è‹±åŒå­—
,
magnet:?xt=urn:btih:PQRDVLNZRWHJ2LIQYYOOCGPRDAAIZ525&tr=http://bt.dl1234.com/announce,2017å¹´è‹±å›?.0åˆ†ç§‘å¹»ç‰‡ã€Šå¤§å± æ€ï¼šåå™¬è¿‡å»ã€‹HDä¸­è‹±åŒå­—
,
magnet:?xt=urn:btih:BZF7BOUIDSNOZX3EAS6GOJCW6YJ4AJSQ&tr=http://bt.dl1234.com/announce,2017å¹´è‹±å›½ç§‘å¹»ç‰‡ã€?036æ¥å†ä¸æ˜ã€‹BDä¸­è‹±åŒå­—
,
magnet:?xt=urn:btih:CG7QBAF55BPEAZQRMISBKMPXN4YDNRMM&tr=http://bt.dl1234.com/announce,2018å¹´ç¾å›½ç§‘å¹»ç‰‡ã€Šæ™ºæ…§å›šå±‹ã€‹BDä¸­å­—
,
magnet:?xt=urn:btih:6TXW6FZRL6ARIHYD5ENUPN5WHRL3LE6C&tr=http://bt.dl1234.com/announce,2018å¹´ç¾å›?.9åˆ†åŠ¨ä½œç‰‡ã€Šå¤´å·ç©å®¶ã€‹BDä¸­è‹±åŒå­—
,
magnet:?xt=urn:btih:Q34VR6K7VDH4BUFMHF2OO5IDWQUSSXBY&tr=http://bt.dl1234.com/announce,2018å¹´ç¾å›½ç§‘å¹»ç‰‡ã€Šæ³°å¦ã€‹BDä¸­è‹±åŒå­—
,
magnet:?xt=urn:btih:CEGNKCAMWF3QGB3U6B4P4WJYPKBF5FMZ&tr=http://bt.dl1234.com/announce,2018å¹´ç¾å›½åŠ¨ä½œç‰‡ã€Šæ·±æµ·ç‹‚é²?ã€‹BDä¸­è‹±åŒå­—
,
magnet:?xt=urn:btih:5OL7SJ6R734NIECPPOJSZ3NFAA4WYMP7&tr=http://bt.dl1234.com/announce,2018å¹´ç¾å›½ç§‘å¹»ç‰‡ã€Šäººå·¥æ™ºèƒ½ï¼šç­ç»å±æœºã€‹BDä¸­è‹±åŒå­—
,
magnet:?xt=urn:btih:TY3QYAT5SPFVFRZXN5HII2TVCUVJZV34&tr=http://bt.dl1234.com/announce,2018å¹´ç¾å›½åŠ¨ä½œç‰‡ã€Šå¼‚å½¢é­”æ€ªï¼šæå¯’ä¹‹æ—¥ã€‹BDä¸­è‹±åŒå­—
,
magnet:?xt=urn:btih:2BKULLCPVCYSNR4JINAYV7FKVY7OC7HU&tr=http://bt.dl1234.com/announce,2018å¹´ç¾å›?.7åˆ†åŠ¨ä½œç‰‡ã€Šç‹‚æš´å·¨å…½ã€‹BDä¸­è‹±åŒå­—
,
magnet:?xt=urn:btih:CD2UNTCIQYJTFOBHVEEBCS4C3LW3D63K&tr=http://bt.dl1234.com/announce,2017å¹´ç¾å›?.6åˆ†ç§‘å¹»ç‰‡ã€Šæ— å°½ã€‹BDä¸­è‹±åŒå­—
,
magnet:?xt=urn:btih:URBS73KBIMUHX7IGI5GJTLB2DA572A6Q&tr=http://bt.dl1234.com/announce,2017å¹´æ¬§ç¾ç§‘å¹»ç‰‡ã€Šç¬¬ä¸‰æ³¢ã€‹BDä¸­å­—
,
magnet:?xt=urn:btih:Q76YOAXIWMHEJCGGNDGQXZWAIXO2JCCB&tr=http://bt.dl1234.com/announce,2017å¹´ç¾å›½ç§‘å¹»ç‰‡ã€Šç¬¬5åä¹˜å®¢ã€‹BDä¸­è‹±åŒå­—
,
magnet:?xt=urn:btih:UUSOJX5NAMD4SLANKVJCSPWS3NTBZPMS&tr=http://bt.dl1234.com/announce,2018å¹´å›½äº§åŠ¨ç”»ç‰‡ã€Šåƒè´§å®‡å®™ã€‹HDå›½è¯­ä¸­å­—
,
magnet:?xt=urn:btih:GZ4LI5ZUWQNAPJDKZAMITAJJ7RUPDNXN&tr=http://bt.dl1234.com/announce,2018å¹´ç¾å›?.0åˆ†çˆ±æƒ…ç‰‡ã€Šä½ä¼Šã€‹BDä¸­è‹±åŒå­—
,
magnet:?xt=urn:btih:OL3WAUP2HA32GH7VIWJNC3RBSNMW7KCT&tr=http://bt.dl1234.com/announce,2018å¹´æ¾³å¤§åˆ©äºšåŠ¨ä½œç‰‡ã€Šå é¢†ã€‹BDä¸­è‹±åŒå­—
,
magnet:?xt=urn:btih:YGM5AGGH273B6REXSNMJX2YOKQBLLGFW&tr=http://bt.dl1234.com/announce,2018å¹´ç¾å›?.9åˆ†åŠ¨ä½œç‰‡ã€Šæ­»ä¾?ã€‹HDéŸ©ç‰ˆä¸­è‹±åŒå­—
,
magnet:?xt=urn:btih:SAUT6TJNLRGTRIMQCHVF6D4F746TYH2L&tr=http://bt.dl1234.com/announce,2018å¹´ç¾å›?.0åˆ†ç§‘å¹»ç‰‡ã€Šç­ç»ã€‹BDä¸­å­—
,
magnet:?xt=urn:btih:O64XBANB4HWEE2OGQCEHPULXIONQOAIA&tr=http://bt.dl1234.com/announce,2018å¹´æ¬§ç¾?.9åˆ†ç§‘å¹»ç‰‡ã€Šä¾ç½—çºªä¸–ç•Œ2ã€‹HDéŸ©ç‰ˆä¸­è‹±åŒå­—
